Biorefinery,MPSP
Lignocellulose,1.704312121
Lignocellulose,1.592642369
Lignocellulose,1.373126512
Lignocellulose,1.50868548
Lignocellulose,1.520914136
Lignocellulose,1.372478049
Lignocellulose,1.71327488
Lignocellulose,1.348768736
Lignocellulose,1.744283292
Lignocellulose,1.773499272
Lignocellulose,1.630508847
Lignocellulose,1.593410766
Lignocellulose,1.548718873
Lignocellulose,1.563789211
Lignocellulose,1.320382085
Lignocellulose,1.496909648
Lignocellulose,1.830801118
Lignocellulose,1.370240284
Lignocellulose,1.382075087
Lignocellulose,1.451942062
Lignocellulose,1.372451016
Lignocellulose,1.978217094
Lignocellulose,1.400581797
Lignocellulose,1.506202278
Lignocellulose,1.800712221
Lignocellulose,1.422681355
Lignocellulose,1.496902251
Lignocellulose,1.465128239
Lignocellulose,1.791244918
Lignocellulose,1.381833738
Lignocellulose,1.432004234
Lignocellulose,1.612019263
Lignocellulose,1.496928975
Lignocellulose,1.724429742
Lignocellulose,1.5135955
Lignocellulose,1.590259848
Lignocellulose,1.291346895
Lignocellulose,1.699266768
Lignocellulose,1.558714006
Lignocellulose,1.607355327
Lignocellulose,1.496924398
Lignocellulose,1.568035052
Lignocellulose,1.376223608
Lignocellulose,1.634561744
Lignocellulose,1.537153919
Lignocellulose,1.490178913
Lignocellulose,1.433362879
Lignocellulose,1.419210409
Lignocellulose,1.476072837
Lignocellulose,1.735741787
Lignocellulose,1.40479981
Lignocellulose,1.496301367
Lignocellulose,1.629317372
Lignocellulose,1.431187468
Lignocellulose,1.591469305
Lignocellulose,1.627321628
Lignocellulose,1.511350492
Lignocellulose,1.611463233
Lignocellulose,1.661414348
Lignocellulose,1.426901871
Lignocellulose,1.838532798
Lignocellulose,1.568868362
Lignocellulose,1.527454011
Lignocellulose,1.42189265
Lignocellulose,1.740740762
Lignocellulose,1.756141237
Lignocellulose,2.010492748
Lignocellulose,1.608634603
Lignocellulose,1.753413778
Lignocellulose,1.567719552
Lignocellulose,1.376942789
Lignocellulose,1.667715393
Lignocellulose,1.69963338
Lignocellulose,1.51734221
Lignocellulose,1.8398009
Lignocellulose,1.125106839
Lignocellulose,1.674648934
Lignocellulose,1.455092336
Lignocellulose,1.948490181
Lignocellulose,1.662443288
Lignocellulose,1.404821659
Lignocellulose,1.580496858
Lignocellulose,1.660002872
Lignocellulose,1.369494506
Lignocellulose,1.562139084
Lignocellulose,1.619855994
Lignocellulose,1.297492866
Lignocellulose,1.894783865
Lignocellulose,1.735390716
Lignocellulose,1.451798215
Lignocellulose,1.578110342
Lignocellulose,1.657000383
Lignocellulose,1.541043481
Lignocellulose,1.648298832
Lignocellulose,1.531487475
Lignocellulose,1.235620651
Lignocellulose,1.752043819
Lignocellulose,1.607794099
Lignocellulose,1.48541552
Lignocellulose,1.729583481
Lignocellulose,1.551231795
Lignocellulose,1.746782139
Lignocellulose,1.565058497
Lignocellulose,1.478458857
Lignocellulose,1.637239712
Lignocellulose,1.743394789
Lignocellulose,1.676995402
Lignocellulose,1.745856724
Lignocellulose,1.402266392
Lignocellulose,1.687332116
Lignocellulose,1.497870938
Lignocellulose,1.76039438
Lignocellulose,1.594745169
Lignocellulose,1.396686081
Lignocellulose,1.515276406
Lignocellulose,1.698891391
Lignocellulose,1.656334048
Lignocellulose,1.753824065
Lignocellulose,1.345403137
Lignocellulose,1.640557526
Lignocellulose,1.897628467
Lignocellulose,1.690879151
Lignocellulose,1.699976022
Lignocellulose,1.734146731
Lignocellulose,1.441575564
Lignocellulose,1.431065073
Lignocellulose,1.520223072
Lignocellulose,1.641039148
Lignocellulose,1.724277661
Lignocellulose,1.358428547
Lignocellulose,1.687783413
Lignocellulose,1.544697847
Lignocellulose,1.445526794
Lignocellulose,1.958250394
Lignocellulose,1.542523167
Lignocellulose,1.531624936
Lignocellulose,1.96876772
Lignocellulose,1.620702654
Lignocellulose,1.81816428
Lignocellulose,1.367969314
Lignocellulose,1.68354727
Lignocellulose,1.7676197
Lignocellulose,1.587083385
Lignocellulose,1.480623448
Lignocellulose,1.863006984
Lignocellulose,1.745707986
Lignocellulose,1.856959341
Lignocellulose,1.741595469
Lignocellulose,1.745933218
Lignocellulose,1.761640702
Lignocellulose,1.58288119
Lignocellulose,2.247450512
Lignocellulose,1.500949419
Lignocellulose,1.529308312
Lignocellulose,1.658191764
Lignocellulose,2.399603018
Lignocellulose,1.977032576
Lignocellulose,1.645784401
Lignocellulose,2.016155367
Lignocellulose,1.839913451
Lignocellulose,1.850659435
Lignocellulose,2.140812459
Lignocellulose,1.862133125
Lignocellulose,1.668787001
Lignocellulose,1.600675718
Lignocellulose,1.762231206
Lignocellulose,1.543834158
Lignocellulose,1.503869227
Lignocellulose,1.54244397
Lignocellulose,1.713014289
Lignocellulose,1.936609875
Lignocellulose,1.435772346
Lignocellulose,1.508484785
Lignocellulose,1.602024549
Lignocellulose,1.845540047
Lignocellulose,1.545434593
Lignocellulose,1.595507877
Lignocellulose,1.404526812
Lignocellulose,1.83341326
Lignocellulose,1.552510966
Lignocellulose,1.359680473
Lignocellulose,1.706932687
Lignocellulose,1.523075537
Lignocellulose,1.519130061
Lignocellulose,1.598800622
Lignocellulose,1.674570841
Lignocellulose,1.431208057
Lignocellulose,1.587019526
Lignocellulose,1.799183602
Lignocellulose,1.895257229
Lignocellulose,1.605621967
Lignocellulose,1.952266791
Lignocellulose,1.747010544
Lignocellulose,1.594554107
Lignocellulose,1.577069285
Lignocellulose,1.898315371
Lignocellulose,1.94380142
Lignocellulose,1.405219178
Lignocellulose,1.564526104
Lignocellulose,2.034966168
Lignocellulose,1.474882802
Lignocellulose,1.601689044
Lignocellulose,1.606311806
Lignocellulose,1.442056519
Lignocellulose,1.806158275
Lignocellulose,1.489705796
Lignocellulose,1.346922055
Lignocellulose,1.680111266
Lignocellulose,1.590438269
Lignocellulose,1.829170722
Lignocellulose,1.671258138
Lignocellulose,1.66545072
Lignocellulose,1.369772078
Lignocellulose,1.630774302
Lignocellulose,1.900897635
Lignocellulose,1.695103808
Lignocellulose,1.592419286
Lignocellulose,2.065350333
Lignocellulose,1.35423513
Lignocellulose,2.022909391
Lignocellulose,1.725071556
Lignocellulose,2.115807597
Lignocellulose,1.833189005
Lignocellulose,1.686565314
Lignocellulose,1.546858562
Lignocellulose,1.561234578
Lignocellulose,1.897350599
Lignocellulose,1.661923717
Lignocellulose,1.711000508
Lignocellulose,1.542793196
Lignocellulose,1.504555603
Lignocellulose,1.590768564
Lignocellulose,1.63405115
Lignocellulose,1.480002458
Lignocellulose,1.683207826
Lignocellulose,1.906629384
Lignocellulose,1.539069
Lignocellulose,1.42511993
Lignocellulose,1.606345256
Lignocellulose,1.735379203
Lignocellulose,1.607073785
Lignocellulose,1.857369311
Lignocellulose,2.053819683
Lignocellulose,1.616347859
Lignocellulose,1.808338458
Lignocellulose,1.650128468
Lignocellulose,1.482087524
Lignocellulose,1.510605042
Lignocellulose,1.737246103
Lignocellulose,1.621719918
Lignocellulose,1.676880786
Lignocellulose,1.32650637
Lignocellulose,1.473859716
Lignocellulose,1.636755538
Lignocellulose,1.612568408
Lignocellulose,1.893693535
Lignocellulose,1.571048818
Lignocellulose,2.01933765
Lignocellulose,1.664619795
Lignocellulose,1.758104484
Lignocellulose,1.778521825
Lignocellulose,1.336047519
Lignocellulose,1.879127393
Lignocellulose,1.731835292
Lignocellulose,1.716105351
Lignocellulose,1.387380439
Lignocellulose,1.580441466
Lignocellulose,2.074387853
Lignocellulose,1.71877911
Lignocellulose,1.997894481
Lignocellulose,1.369067687
Lignocellulose,1.668018299
Lignocellulose,1.718061989
Lignocellulose,1.76807046
Lignocellulose,1.863961685
Lignocellulose,1.682259589
Lignocellulose,1.839100439
Lignocellulose,1.457093448
Lignocellulose,1.707032493
Lignocellulose,1.717594763
Lignocellulose,1.646675517
Lignocellulose,1.480848901
Lignocellulose,1.610476961
Lignocellulose,1.447844346
Lignocellulose,2.028240277
Lignocellulose,1.900935089
Lignocellulose,1.727828313
Lignocellulose,2.027568562
Lignocellulose,1.677349493
Lignocellulose,1.537572093
Lignocellulose,1.5959075
Lignocellulose,1.535440525
Lignocellulose,1.474498141
Lignocellulose,2.049916331
Lignocellulose,1.63116663
Lignocellulose,1.4480713
Lignocellulose,1.735521511
Lignocellulose,1.825553492
Lignocellulose,1.51536573
Lignocellulose,1.573712468
Lignocellulose,1.745030608
Lignocellulose,1.907190203
Lignocellulose,1.485519333
Lignocellulose,1.720510634
Lignocellulose,1.661891515
Lignocellulose,1.742471626
Lignocellulose,2.144340733
Lignocellulose,1.659816122
Lignocellulose,1.756512854
Lignocellulose,2.18002942
Lignocellulose,1.701041327
Lignocellulose,1.885458891
Lignocellulose,1.981317364
Lignocellulose,1.981620178
Lignocellulose,2.084676879
Lignocellulose,2.037919777
Lignocellulose,2.064019618
Lignocellulose,2.122608555
Lignocellulose,1.765131525
Lignocellulose,1.752835838
Lignocellulose,1.966273495
Lignocellulose,2.283074482
Lignocellulose,2.193957955
Lignocellulose,1.72074962
Lignocellulose,2.247217578
Lignocellulose,1.994697346
Lignocellulose,1.725442664
Lignocellulose,1.805424499
Lignocellulose,1.911646778
Lignocellulose,1.998224639
Lignocellulose,1.830599232
Lignocellulose,2.064439999
Lignocellulose,1.93751815
Lignocellulose,2.360965832
Lignocellulose,1.789498963
Lignocellulose,1.919692316
Lignocellulose,2.007358698
Lignocellulose,2.253731902
Lignocellulose,1.896386659
Lignocellulose,2.023962419
Lignocellulose,2.426036774
Lignocellulose,2.098721452
Lignocellulose,2.486421414
Lignocellulose,2.33064567
Lignocellulose,2.429965191
Lignocellulose,2.182382149
Lignocellulose,2.893704028
Lignocellulose,1.833824535
Lignocellulose,2.152197783
Lignocellulose,1.659325875
Lignocellulose,2.228940996
Lignocellulose,1.896258711
Lignocellulose,1.98935476
Lignocellulose,2.239801646
Lignocellulose,1.898331659
Lignocellulose,1.925082122
Lignocellulose,2.228148316
Lignocellulose,1.61857114
Lignocellulose,2.04504627
Lignocellulose,1.890983016
Lignocellulose,2.261806417
Lignocellulose,1.856715581
Lignocellulose,1.806225158
Lignocellulose,1.842669891
Lignocellulose,2.17221244
Lignocellulose,2.330146136
Lignocellulose,2.022793019
Lignocellulose,1.735388536
Lignocellulose,2.354706871
Lignocellulose,2.102402821
Lignocellulose,2.04074051
Lignocellulose,1.753695322
Lignocellulose,1.960816332
Lignocellulose,1.733433154
Lignocellulose,1.826181855
Lignocellulose,1.565430327
Lignocellulose,1.827844227
Lignocellulose,2.277060495
Lignocellulose,1.929066314
Lignocellulose,2.542777224
Lignocellulose,1.90649999
Lignocellulose,2.08456467
Lignocellulose,1.837738034
Lignocellulose,2.022720144
Lignocellulose,2.105564256
Lignocellulose,1.803906324
Lignocellulose,1.946861753
Lignocellulose,1.914336728
Lignocellulose,2.005486421
Lignocellulose,1.634561331
Lignocellulose,1.644592365
Lignocellulose,2.26969862
Lignocellulose,1.720880946
Lignocellulose,1.821550361
Lignocellulose,2.152834615
Lignocellulose,2.060126177
Lignocellulose,1.624518899
Lignocellulose,1.667224362
Lignocellulose,1.664026915
Lignocellulose,1.962056028
Lignocellulose,2.300966241
Lignocellulose,1.778533791
Lignocellulose,1.691878267
Lignocellulose,2.006191137
Lignocellulose,1.604565002
Lignocellulose,2.315321518
Lignocellulose,1.833582972
Lignocellulose,1.981460992
Lignocellulose,1.804225224
Lignocellulose,1.886714203
Lignocellulose,1.769187899
Lignocellulose,1.579880376
Lignocellulose,1.606704657
Lignocellulose,1.600615688
Lignocellulose,1.487580463
Lignocellulose,1.996930298
Lignocellulose,1.573055548
Lignocellulose,1.793056657
Lignocellulose,1.841265724
Lignocellulose,1.650324587
Lignocellulose,1.957136513
Lignocellulose,1.931969657
Lignocellulose,1.991264717
Lignocellulose,2.085891432
Lignocellulose,1.958484568
Lignocellulose,1.899928881
Lignocellulose,1.719105238
Lignocellulose,1.725062647
Lignocellulose,1.799525072
Lignocellulose,1.532262808
Lignocellulose,1.743567916
Lignocellulose,1.64932823
Lignocellulose,2.009987577
Lignocellulose,1.754305603
Lignocellulose,2.220874796
Lignocellulose,1.805623869
Lignocellulose,1.502485703
Lignocellulose,2.017356743
Lignocellulose,1.641452359
Lignocellulose,1.770538472
Lignocellulose,1.873276531
Lignocellulose,2.30579931
Lignocellulose,1.982218021
Lignocellulose,1.921937295
Lignocellulose,1.556770333
Lignocellulose,1.665684864
Lignocellulose,1.655687569
Lignocellulose,1.90908439
Lignocellulose,1.912623104
Lignocellulose,1.672039853
Lignocellulose,1.638281654
Lignocellulose,1.736871521
Lignocellulose,1.893165993
Lignocellulose,1.584052429
Lignocellulose,1.747499042
Lignocellulose,1.49865703
Lignocellulose,1.57185362
Lignocellulose,1.76537111
Lignocellulose,1.612874439
Lignocellulose,1.610904918
Lignocellulose,1.42943429
Lignocellulose,1.590324481
Lignocellulose,1.530684457
Lignocellulose,1.641495017
Lignocellulose,1.586707474
Lignocellulose,1.495363206
Lignocellulose,1.762311359
Lignocellulose,1.598657885
Lignocellulose,1.602226013
Lignocellulose,1.506041782
Lignocellulose,1.90861357
Lignocellulose,1.601757027
Lignocellulose,1.554394915
Lignocellulose,1.68550926
Lignocellulose,1.4663089
Lignocellulose,1.561575652
Lignocellulose,1.743672829
Lignocellulose,1.342570785
Lignocellulose,1.634794098
Lignocellulose,1.466338267
Lignocellulose,1.710324097
Lignocellulose,1.643998453
Lignocellulose,1.549034734
Lignocellulose,1.640532742
Lignocellulose,1.449135527
Lignocellulose,1.306709231
Lignocellulose,1.342394878
Lignocellulose,1.674226133
Lignocellulose,1.836511578
Lignocellulose,1.917242858
Lignocellulose,1.679580268
Lignocellulose,1.430259073
Lignocellulose,1.586216777
Lignocellulose,1.689366868
Lignocellulose,1.665195957
Lignocellulose,1.350494456
Lignocellulose,1.532628884
Lignocellulose,1.597871133
Lignocellulose,1.190813983
Lignocellulose,1.454398646
Lignocellulose,1.84703265
Lignocellulose,1.491262296
Lignocellulose,1.36124203
Lignocellulose,1.44668715
Lignocellulose,1.506062958
Lignocellulose,1.255037003
Lignocellulose,1.341406766
Lignocellulose,1.436884912
Lignocellulose,1.624137395
Lignocellulose,1.596150787
Lignocellulose,1.537810574
Lignocellulose,1.473973316
Lignocellulose,1.438589579
Lignocellulose,1.320492339
Lignocellulose,1.311437236
Lignocellulose,1.41185348
Lignocellulose,1.311757223
Lignocellulose,1.594768523
Lignocellulose,1.245105998
Lignocellulose,1.476139229
Lignocellulose,1.30560291
Lignocellulose,1.599575139
Lignocellulose,1.562240848
Lignocellulose,1.501500412
Lignocellulose,1.672222316
Lignocellulose,1.396822873
Lignocellulose,1.466676688
Lignocellulose,1.618322131
Lignocellulose,1.431057016
Lignocellulose,1.669734912
Lignocellulose,1.946599753
Lignocellulose,1.624978494
Lignocellulose,1.50951409
Lignocellulose,1.48366026
Lignocellulose,1.542547543
Lignocellulose,1.396644925
Lignocellulose,1.686866603
Lignocellulose,1.497613225
Lignocellulose,1.667963724
Lignocellulose,1.413729512
Lignocellulose,1.4681627
Lignocellulose,1.369135546
Lignocellulose,1.5943086
Lignocellulose,1.454176513
Lignocellulose,1.64220021
Lignocellulose,1.208742454
Lignocellulose,1.505001766
Lignocellulose,1.398611479
Lignocellulose,1.225196004
Lignocellulose,1.546447593
Lignocellulose,1.427564299
Lignocellulose,1.477917104
Lignocellulose,1.503896571
Lignocellulose,1.741072141
Lignocellulose,1.454730923
Lignocellulose,1.518184758
Lignocellulose,1.504439248
Lignocellulose,1.657594827
Lignocellulose,1.62537783
Lignocellulose,1.368036307
Lignocellulose,1.424623018
Lignocellulose,1.540266087
Lignocellulose,1.179344348
Lignocellulose,1.522535009
Lignocellulose,1.496635022
Lignocellulose,1.576468213
Lignocellulose,1.714933066
Lignocellulose,1.46448286
Lignocellulose,1.188261115
Lignocellulose,1.441707225
Lignocellulose,1.699004602
Lignocellulose,1.645689631
Lignocellulose,1.579835951
Lignocellulose,1.518572817
Lignocellulose,1.429176384
Lignocellulose,1.496985148
Lignocellulose,1.505187907
Lignocellulose,1.372087747
Lignocellulose,1.364099176
Lignocellulose,1.243480446
Lignocellulose,1.448238229
Lignocellulose,1.317613958
Lignocellulose,2.735948655
Lignocellulose,1.265172519
Lignocellulose,1.417451729
Lignocellulose,1.459483304
Lignocellulose,1.512646772
Lignocellulose,1.449883159
Lignocellulose,1.452889211
Lignocellulose,1.692875547
Lignocellulose,1.339308157
Lignocellulose,1.444069021
Lignocellulose,1.490429355
Lignocellulose,1.533053804
Lignocellulose,1.592012852
Lignocellulose,1.430697951
Lignocellulose,1.41477796
Lignocellulose,1.348325079
Lignocellulose,1.563526324
Lignocellulose,1.518209198
Lignocellulose,1.454200253
Lignocellulose,1.594502536
Lignocellulose,1.278105936
Lignocellulose,1.535939153
Lignocellulose,1.498542735
Lignocellulose,1.425630902
Lignocellulose,1.418840571
Lignocellulose,1.367964485
Lignocellulose,1.365108783
Lignocellulose,1.281352786
Lignocellulose,1.457402591
Lignocellulose,1.60727319
Lignocellulose,1.436163279
Lignocellulose,1.401537238
Lignocellulose,1.362652473
Lignocellulose,1.376218761
Lignocellulose,1.444429768
Lignocellulose,1.212759599
Lignocellulose,1.772457951
Lignocellulose,1.317265283
Lignocellulose,1.336311013
Lignocellulose,1.312512412
Lignocellulose,1.451132192
Lignocellulose,1.285857115
Lignocellulose,1.32432163
Lignocellulose,1.748338535
Lignocellulose,1.495020907
Lignocellulose,1.524909865
Lignocellulose,1.415751322
Lignocellulose,1.594169884
Lignocellulose,1.360911095
Lignocellulose,1.414171143
Lignocellulose,1.523598736
Lignocellulose,1.261828903
Lignocellulose,1.555081937
Lignocellulose,1.472113967
Lignocellulose,1.782164892
Lignocellulose,1.681061906
Lignocellulose,1.705990961
Lignocellulose,1.368386798
Lignocellulose,1.265348299
Lignocellulose,1.420956141
Lignocellulose,1.295463475
Lignocellulose,1.465854891
Lignocellulose,1.552381261
Lignocellulose,1.899716214
Lignocellulose,1.44793009
Lignocellulose,1.575348891
Lignocellulose,1.384636203
Lignocellulose,1.529070888
Lignocellulose,1.687949867
Lignocellulose,1.507256642
Lignocellulose,1.42677696
Lignocellulose,1.59957593
Lignocellulose,1.679451432
Lignocellulose,1.681601766
Lignocellulose,1.53374285
Lignocellulose,1.606645522
Lignocellulose,1.381093745
Lignocellulose,1.457842761
Lignocellulose,1.358985453
Lignocellulose,1.410228259
Lignocellulose,1.465576839
Lignocellulose,1.483895859
Lignocellulose,1.611367394
Lignocellulose,1.617244778
Lignocellulose,1.76311214
Lignocellulose,1.666841134
Lignocellulose,1.502655608
Lignocellulose,1.545281274
Lignocellulose,1.425054757
Lignocellulose,1.450196487
Lignocellulose,1.298791207
Lignocellulose,1.338156139
Lignocellulose,1.264687952
Lignocellulose,1.81759964
Lignocellulose,1.299498265
Lignocellulose,1.780709537
Lignocellulose,1.777132305
Lignocellulose,1.246619056
Lignocellulose,1.528583726
Lignocellulose,1.422712374
Lignocellulose,1.290459101
Lignocellulose,1.688622109
Lignocellulose,1.475748532
Lignocellulose,1.155149626
Lignocellulose,1.382425412
Lignocellulose,1.519514242
Lignocellulose,1.695724255
Lignocellulose,1.386649786
Lignocellulose,1.33076071
Lignocellulose,1.425211503
Lignocellulose,1.289562634
Lignocellulose,1.35189054
Lignocellulose,1.747293937
Lignocellulose,1.232728697
Lignocellulose,1.497044948
Lignocellulose,1.236132612
Lignocellulose,1.28208769
Lignocellulose,1.585104358
Lignocellulose,1.373325826
Lignocellulose,1.676631565
Lignocellulose,1.635712301
Lignocellulose,1.302358894
Lignocellulose,1.228479028
Lignocellulose,1.552732605
Lignocellulose,1.620262585
Lignocellulose,1.257006412
Lignocellulose,1.635511144
Lignocellulose,1.477343143
Lignocellulose,1.455451389
Lignocellulose,1.635657858
Lignocellulose,1.643570479
Lignocellulose,1.441162401
Lignocellulose,1.338959195
Lignocellulose,1.425743927
Lignocellulose,1.635801885
Lignocellulose,1.388963135
Lignocellulose,1.341563042
Lignocellulose,1.653373276
Lignocellulose,1.54913314
Lignocellulose,1.426103782
Lignocellulose,1.415448043
Lignocellulose,1.647284617
Lignocellulose,1.218597373
Lignocellulose,1.394152492
Lignocellulose,1.807820267
Lignocellulose,1.383051162
Lignocellulose,1.512958654
Lignocellulose,1.320632221
Lignocellulose,1.654942745
Lignocellulose,1.516087701
Lignocellulose,1.162532754
Lignocellulose,1.678944629
Lignocellulose,1.348207911
Lignocellulose,1.601228327
Lignocellulose,1.5407715
Lignocellulose,1.211504751
Lignocellulose,1.615416364
Lignocellulose,1.516875175
Lignocellulose,1.358089383
Lignocellulose,1.503590535
Lignocellulose,1.409558124
Lignocellulose,1.324915945
Lignocellulose,1.428829374
Lignocellulose,1.319523173
Lignocellulose,1.526547646
Lignocellulose,1.38659722
Lignocellulose,1.620029386
Lignocellulose,1.544868235
Lignocellulose,1.478817719
Lignocellulose,1.210727352
Lignocellulose,1.383605303
Lignocellulose,1.42591471
Lignocellulose,1.33706486
Lignocellulose,1.574303374
Lignocellulose,1.482269993
Lignocellulose,1.543430521
Lignocellulose,1.621201769
Lignocellulose,1.562604541
Lignocellulose,1.412143916
Lignocellulose,1.547692206
Lignocellulose,1.270374266
Lignocellulose,1.367086771
Lignocellulose,1.531394358
Lignocellulose,1.452945568
Lignocellulose,1.319751574
Lignocellulose,1.801711471
Lignocellulose,1.419568096
Lignocellulose,1.445591646
Lignocellulose,1.468047189
Lignocellulose,1.293199586
Lignocellulose,1.511096347
Lignocellulose,1.65656669
Lignocellulose,1.266087723
Lignocellulose,1.426521874
Lignocellulose,1.595409077
Lignocellulose,1.447292688
Lignocellulose,1.219515098
Lignocellulose,1.270735293
Lignocellulose,1.86148523
Lignocellulose,1.287082306
Lignocellulose,1.705004442
Lignocellulose,1.24266529
Lignocellulose,1.552123514
Lignocellulose,1.419697227
Lignocellulose,1.597030929
Lignocellulose,1.647639453
Lignocellulose,1.552856667
Lignocellulose,1.190782031
Lignocellulose,1.447313537
Lignocellulose,1.262396874
Lignocellulose,1.345224809
Lignocellulose,1.508450332
Lignocellulose,1.631904309
Lignocellulose,1.681865441
Lignocellulose,1.508699354
Lignocellulose,1.345201638
Lignocellulose,1.642847951
Lignocellulose,1.366306714
Lignocellulose,1.394454411
Lignocellulose,1.328013306
Lignocellulose,1.381311366
Lignocellulose,1.315226265
Lignocellulose,1.461920085
Lignocellulose,1.499638297
Lignocellulose,1.584607543
Lignocellulose,1.722672969
Lignocellulose,1.506041404
Lignocellulose,1.386090797
Lignocellulose,1.451644931
Lignocellulose,1.591655961
Lignocellulose,1.423762563
Lignocellulose,1.219041102
Lignocellulose,1.406450018
Lignocellulose,1.508525762
Lignocellulose,1.184521775
Lignocellulose,1.446345872
Lignocellulose,1.36272324
Lignocellulose,1.538468004
Lignocellulose,1.813010009
Lignocellulose,1.491032754
Lignocellulose,1.409675113
Lignocellulose,1.25485666
Lignocellulose,1.505191495
Lignocellulose,1.562274015
Lignocellulose,1.630958215
Lignocellulose,1.440491569
Lignocellulose,1.428465862
Lignocellulose,1.418833445
Lignocellulose,1.324520359
Lignocellulose,1.541336006
Lignocellulose,1.423986498
Lignocellulose,1.353268331
Lignocellulose,1.67679972
Lignocellulose,1.422469936
Lignocellulose,1.353730046
Lignocellulose,1.419059212
Lignocellulose,1.231113409
Lignocellulose,1.157771324
Lignocellulose,1.227237902
Lignocellulose,1.385526143
Lignocellulose,1.361371321
Lignocellulose,1.341687869
Lignocellulose,1.65268319
Lignocellulose,1.752033218
Lignocellulose,1.709568593
Lignocellulose,1.121993339
Lignocellulose,1.356596347
Lignocellulose,1.330912255
Lignocellulose,1.404091564
Lignocellulose,1.538655468
Lignocellulose,1.372670803
Lignocellulose,1.367825248
Lignocellulose,1.476086716
Lignocellulose,1.53186821
Lignocellulose,1.328536206
Lignocellulose,1.73792626
Lignocellulose,1.093351421
Lignocellulose,1.267608798
Lignocellulose,1.114224675
Lignocellulose,1.305027071
Lignocellulose,1.378220061
Lignocellulose,1.569345842
Lignocellulose,1.510180488
Lignocellulose,1.343296032
Lignocellulose,1.51383113
Lignocellulose,1.465011051
Lignocellulose,1.566147623
Lignocellulose,1.40383087
Lignocellulose,1.447002864
Lignocellulose,1.734219992
Lignocellulose,1.211034932
Lignocellulose,1.795277685
Lignocellulose,1.527902839
Lignocellulose,1.185167865
Lignocellulose,1.305937331
Lignocellulose,1.478659321
Lignocellulose,1.333310314
Lignocellulose,1.531521372
Lignocellulose,1.368570731
Lignocellulose,1.547257733
Lignocellulose,1.695786648
Lignocellulose,1.365877449
Lignocellulose,1.320726818
Lignocellulose,1.340310366
Lignocellulose,1.361792766
Lignocellulose,1.200893924
Lignocellulose,1.623740692
Lignocellulose,1.35463313
Lignocellulose,1.283023389
Lignocellulose,1.18119934
Lignocellulose,1.343704221
Lignocellulose,1.45754004
Lignocellulose,1.47045314
Lignocellulose,1.906958894
Lignocellulose,1.210914731
Lignocellulose,1.184787336
Lignocellulose,1.242113889
Lignocellulose,1.546607266
Lignocellulose,1.358793181
Lignocellulose,1.515037815
Lignocellulose,1.711724004
Lignocellulose,1.408834254
Lignocellulose,1.485812919
Lignocellulose,1.439780006
Lignocellulose,1.481784085
Lignocellulose,1.449414797
Lignocellulose,1.239920743
Lignocellulose,1.230760169
Lignocellulose,1.313689032
Lignocellulose,1.36238892
Lignocellulose,1.606802081
Lignocellulose,1.714537674
Lignocellulose,1.179049079
Lignocellulose,1.080801739
Lignocellulose,1.226287973
Lignocellulose,1.563942981
Lignocellulose,1.50532063
Lignocellulose,1.447073299
Lignocellulose,1.50981653
Lignocellulose,1.201521867
Lignocellulose,1.409412556
Lignocellulose,1.783207105
Lignocellulose,1.316206151
Lignocellulose,1.358811676
Lignocellulose,1.393076533
Lignocellulose,1.346937784
Lignocellulose,1.464172937
Lignocellulose,1.441456117
Lignocellulose,1.471222435
Lignocellulose,1.335747728
Lignocellulose,1.215534301
Lignocellulose,1.451303476
Lignocellulose,1.151224801
Lignocellulose,1.514706164
Lignocellulose,1.310771423
Lignocellulose,1.279499905
Lignocellulose,1.432649279
Lignocellulose,1.362513077
Lignocellulose,1.483003655
Lignocellulose,1.452407793
Lignocellulose,1.341217628
Lignocellulose,1.7530615
Lignocellulose,1.369257499
Lignocellulose,1.290304817
Lignocellulose,1.375509898
Lignocellulose,1.278413206
Lignocellulose,1.456499262
Lignocellulose,1.250443397
Lignocellulose,1.184827543
Lignocellulose,1.602370428
Lignocellulose,1.363052286
Lignocellulose,1.212486198
Lignocellulose,1.388489935
Lignocellulose,1.27040205
Lignocellulose,1.421715773
Lignocellulose,1.284630986
Lignocellulose,1.242306607
Lignocellulose,1.383748242
Lignocellulose,1.314945791
Lignocellulose,1.421196477
Lignocellulose,1.443425881
Lignocellulose,1.122419031
Lignocellulose,1.159697736
Lignocellulose,1.383850788
Lignocellulose,1.674385989
Lignocellulose,1.116275314
Lignocellulose,1.340337203
Lignocellulose,1.415150943
Lignocellulose,1.466595327
Lignocellulose,1.082709543
Lignocellulose,1.560954076
Lignocellulose,1.116180623
Lignocellulose,1.212371626
Lignocellulose,1.217686331
Lignocellulose,1.153903516
Lignocellulose,1.336923444
Lignocellulose,1.315974131
Lignocellulose,1.477151371
Lignocellulose,1.338709903
Lignocellulose,1.41345556
Lignocellulose,1.447791121
Lignocellulose,1.098372441
Lignocellulose,1.114252087
Lignocellulose,1.369521282
Lignocellulose,1.132368471
Lignocellulose,1.379310983
Lignocellulose,1.056377088
Lignocellulose,1.28324001
Lignocellulose,1.426489755
Lignocellulose,1.178736437
Lignocellulose,1.357317544
Lignocellulose,1.483978275
Lignocellulose,1.462210484
Lignocellulose,1.236902974
Lignocellulose,1.540474991
Lignocellulose,1.36500824
Lignocellulose,1.795412932
Lignocellulose,1.216562747
Sugarcane,2.215605757
Sugarcane,2.070435079
Sugarcane,1.785064465
Sugarcane,1.961291124
Sugarcane,1.977188377
Sugarcane,1.784221464
Sugarcane,2.227257344
Sugarcane,1.753399357
Sugarcane,2.26756828
Sugarcane,2.305549053
Sugarcane,2.119661501
Sugarcane,2.071433995
Sugarcane,2.013334535
Sugarcane,2.032925974
Sugarcane,1.71649671
Sugarcane,1.945982542
Sugarcane,2.380041453
Sugarcane,1.781312369
Sugarcane,1.796697613
Sugarcane,1.88752468
Sugarcane,1.784186321
Sugarcane,2.571682222
Sugarcane,1.820756337
Sugarcane,1.958062962
Sugarcane,2.340925887
Sugarcane,1.849485761
Sugarcane,1.945972927
Sugarcane,1.904666711
Sugarcane,2.328618393
Sugarcane,1.796383859
Sugarcane,1.861605504
Sugarcane,2.095625041
Sugarcane,1.946007668
Sugarcane,2.241758665
Sugarcane,1.96767415
Sugarcane,2.067337802
Sugarcane,1.678750964
Sugarcane,2.209046799
Sugarcane,2.026328208
Sugarcane,2.089561925
Sugarcane,1.946001718
Sugarcane,2.038445568
Sugarcane,1.789090691
Sugarcane,2.124930267
Sugarcane,1.998300095
Sugarcane,1.937232587
Sugarcane,1.863371743
Sugarcane,1.844973532
Sugarcane,1.918894688
Sugarcane,2.256464323
Sugarcane,1.826239753
Sugarcane,1.945191777
Sugarcane,2.118112583
Sugarcane,1.860543708
Sugarcane,2.068910097
Sugarcane,2.115518116
Sugarcane,1.964755639
Sugarcane,2.094902202
Sugarcane,2.159838653
Sugarcane,1.854972432
Sugarcane,2.390092637
Sugarcane,2.039528871
Sugarcane,1.985690215
Sugarcane,1.848460445
Sugarcane,2.262962991
Sugarcane,2.282983608
Sugarcane,2.613640573
Sugarcane,2.091224983
Sugarcane,2.279437911
Sugarcane,2.038035418
Sugarcane,1.790025625
Sugarcane,2.16803001
Sugarcane,2.209523394
Sugarcane,1.972544873
Sugarcane,2.39174117
Sugarcane,1.462638891
Sugarcane,2.177043614
Sugarcane,1.891620037
Sugarcane,2.533037236
Sugarcane,2.161176274
Sugarcane,1.826268157
Sugarcane,2.054645915
Sugarcane,2.158003733
Sugarcane,1.780342857
Sugarcane,2.03078081
Sugarcane,2.105812793
Sugarcane,1.686740725
Sugarcane,2.463219025
Sugarcane,2.256007931
Sugarcane,1.88733768
Sugarcane,2.051543444
Sugarcane,2.154100498
Sugarcane,2.003356526
Sugarcane,2.142788482
Sugarcane,1.990933717
Sugarcane,1.606306846
Sugarcane,2.277656965
Sugarcane,2.090132329
Sugarcane,1.931040177
Sugarcane,2.248458526
Sugarcane,2.016601334
Sugarcane,2.27081678
Sugarcane,2.034576046
Sugarcane,1.921996515
Sugarcane,2.128411626
Sugarcane,2.266413226
Sugarcane,2.180094022
Sugarcane,2.269613741
Sugarcane,1.82294631
Sugarcane,2.19353175
Sugarcane,1.94723222
Sugarcane,2.288512694
Sugarcane,2.07316872
Sugarcane,1.815691906
Sugarcane,1.969859328
Sugarcane,2.208558808
Sugarcane,2.153234262
Sugarcane,2.279971284
Sugarcane,1.749024078
Sugarcane,2.132724784
Sugarcane,2.466917007
Sugarcane,2.198142896
Sugarcane,2.209968828
Sugarcane,2.25439075
Sugarcane,1.874048233
Sugarcane,1.860384594
Sugarcane,1.976289993
Sugarcane,2.133350892
Sugarcane,2.241560959
Sugarcane,1.765957112
Sugarcane,2.194118437
Sugarcane,2.008107201
Sugarcane,1.879184832
Sugarcane,2.545725512
Sugarcane,2.005280117
Sugarcane,1.991112417
Sugarcane,2.559398036
Sugarcane,2.106913451
Sugarcane,2.363613564
Sugarcane,1.778360108
Sugarcane,2.188611452
Sugarcane,2.29790561
Sugarcane,2.0632084
Sugarcane,1.924810482
Sugarcane,2.421909079
Sugarcane,2.269420382
Sugarcane,2.414047144
Sugarcane,2.26407411
Sugarcane,2.269713184
Sugarcane,2.290132913
Sugarcane,2.057745547
Sugarcane,2.921685665
Sugarcane,1.951234244
Sugarcane,1.988100805
Sugarcane,2.155649294
Sugarcane,3.119483924
Sugarcane,2.570142348
Sugarcane,2.139519722
Sugarcane,2.621001977
Sugarcane,2.391887486
Sugarcane,2.405857265
Sugarcane,2.783056196
Sugarcane,2.420773063
Sugarcane,2.169423101
Sugarcane,2.080878434
Sugarcane,2.290900568
Sugarcane,2.006984406
Sugarcane,1.955029995
Sugarcane,2.00517716
Sugarcane,2.226918576
Sugarcane,2.517592837
Sugarcane,1.86650405
Sugarcane,1.961030221
Sugarcane,2.082631913
Sugarcane,2.399202061
Sugarcane,2.00906497
Sugarcane,2.07416024
Sugarcane,1.825884856
Sugarcane,2.383437238
Sugarcane,2.018264255
Sugarcane,1.767584615
Sugarcane,2.219012493
Sugarcane,1.979998198
Sugarcane,1.97486908
Sugarcane,2.078440808
Sugarcane,2.176942094
Sugarcane,1.860570474
Sugarcane,2.063125384
Sugarcane,2.338938682
Sugarcane,2.463834398
Sugarcane,2.087308557
Sugarcane,2.537946828
Sugarcane,2.271113707
Sugarcane,2.07292034
Sugarcane,2.05019007
Sugarcane,2.467809982
Sugarcane,2.526941846
Sugarcane,1.826784931
Sugarcane,2.033883935
Sugarcane,2.645456019
Sugarcane,1.917347643
Sugarcane,2.082195757
Sugarcane,2.088205348
Sugarcane,1.874673475
Sugarcane,2.348005758
Sugarcane,1.936617534
Sugarcane,1.750998672
Sugarcane,2.184144645
Sugarcane,2.067569749
Sugarcane,2.377921938
Sugarcane,2.172635579
Sugarcane,2.165085936
Sugarcane,1.780703702
Sugarcane,2.120006592
Sugarcane,2.471166925
Sugarcane,2.20363495
Sugarcane,2.070145071
Sugarcane,2.684955433
Sugarcane,1.760505669
Sugarcane,2.629782208
Sugarcane,2.242593022
Sugarcane,2.750549876
Sugarcane,2.383145706
Sugarcane,2.192534908
Sugarcane,2.010916131
Sugarcane,2.029604952
Sugarcane,2.466555779
Sugarcane,2.160500833
Sugarcane,2.22430066
Sugarcane,2.005631154
Sugarcane,1.955922284
Sugarcane,2.067999133
Sugarcane,2.124266495
Sugarcane,1.924003195
Sugarcane,2.188170173
Sugarcane,2.478618199
Sugarcane,2.000789699
Sugarcane,1.852655908
Sugarcane,2.088248833
Sugarcane,2.255992963
Sugarcane,2.089195921
Sugarcane,2.414580105
Sugarcane,2.669965589
Sugarcane,2.101252217
Sugarcane,2.350839996
Sugarcane,2.145167009
Sugarcane,1.926713782
Sugarcane,1.963786555
Sugarcane,2.258419934
Sugarcane,2.108235893
Sugarcane,2.179945021
Sugarcane,1.724458281
Sugarcane,1.916017631
Sugarcane,2.1277822
Sugarcane,2.09633893
Sugarcane,2.461801595
Sugarcane,2.042363463
Sugarcane,2.625138945
Sugarcane,2.164005734
Sugarcane,2.28553583
Sugarcane,2.312078373
Sugarcane,1.736861774
Sugarcane,2.442865611
Sugarcane,2.251385879
Sugarcane,2.230936957
Sugarcane,1.80359457
Sugarcane,2.054573906
Sugarcane,2.696704209
Sugarcane,2.234412843
Sugarcane,2.597262826
Sugarcane,1.779787993
Sugarcane,2.168423789
Sugarcane,2.233480585
Sugarcane,2.298491599
Sugarcane,2.42315019
Sugarcane,2.186937466
Sugarcane,2.39083057
Sugarcane,1.894221482
Sugarcane,2.219142241
Sugarcane,2.232873192
Sugarcane,2.140678172
Sugarcane,1.925103571
Sugarcane,2.09362005
Sugarcane,1.88219765
Sugarcane,2.63671236
Sugarcane,2.471215615
Sugarcane,2.246176808
Sugarcane,2.635839131
Sugarcane,2.180554341
Sugarcane,1.99884372
Sugarcane,2.07467975
Sugarcane,1.996072682
Sugarcane,1.916847583
Sugarcane,2.66489123
Sugarcane,2.120516619
Sugarcane,1.88249269
Sugarcane,2.256177965
Sugarcane,2.37321954
Sugarcane,1.969975449
Sugarcane,2.045826208
Sugarcane,2.26853979
Sugarcane,2.479347263
Sugarcane,1.931175133
Sugarcane,2.236663824
Sugarcane,2.160458969
Sugarcane,2.265213113
Sugarcane,2.787642953
Sugarcane,2.157760958
Sugarcane,2.28346671
Sugarcane,2.834038246
Sugarcane,2.211353725
Sugarcane,2.451096558
Sugarcane,2.575712574
Sugarcane,2.576106232
Sugarcane,2.710079942
Sugarcane,2.64929571
Sugarcane,2.683225503
Sugarcane,2.759391122
Sugarcane,2.294670983
Sugarcane,2.27868659
Sugarcane,2.556155543
Sugarcane,2.967996827
Sugarcane,2.852145341
Sugarcane,2.236974505
Sugarcane,2.921382852
Sugarcane,2.59310655
Sugarcane,2.243075463
Sugarcane,2.347051848
Sugarcane,2.485140811
Sugarcane,2.597692031
Sugarcane,2.379779001
Sugarcane,2.683771999
Sugarcane,2.518773596
Sugarcane,3.069255582
Sugarcane,2.326348651
Sugarcane,2.495600011
Sugarcane,2.609566308
Sugarcane,2.929851473
Sugarcane,2.465302657
Sugarcane,2.631151144
Sugarcane,3.153847806
Sugarcane,2.728337887
Sugarcane,3.232347838
Sugarcane,3.029839371
Sugarcane,3.158954748
Sugarcane,2.837096793
Sugarcane,3.761815237
Sugarcane,2.383971895
Sugarcane,2.797857118
Sugarcane,2.157123637
Sugarcane,2.897623295
Sugarcane,2.465136325
Sugarcane,2.586161188
Sugarcane,2.91174214
Sugarcane,2.467831157
Sugarcane,2.502606758
Sugarcane,2.896592811
Sugarcane,2.104142481
Sugarcane,2.658560151
Sugarcane,2.45827792
Sugarcane,2.940348342
Sugarcane,2.413730256
Sugarcane,2.348092705
Sugarcane,2.395470858
Sugarcane,2.823876172
Sugarcane,3.029189977
Sugarcane,2.629630925
Sugarcane,2.256005097
Sugarcane,3.061118932
Sugarcane,2.733123667
Sugarcane,2.652962664
Sugarcane,2.279803919
Sugarcane,2.549061231
Sugarcane,2.2534631
Sugarcane,2.374036412
Sugarcane,2.035059426
Sugarcane,2.376197496
Sugarcane,2.960178644
Sugarcane,2.507786208
Sugarcane,3.305610391
Sugarcane,2.478449986
Sugarcane,2.709934071
Sugarcane,2.389059444
Sugarcane,2.629536187
Sugarcane,2.737233532
Sugarcane,2.345078221
Sugarcane,2.530920279
Sugarcane,2.488637747
Sugarcane,2.607132347
Sugarcane,2.124929731
Sugarcane,2.137970074
Sugarcane,2.950608206
Sugarcane,2.23714523
Sugarcane,2.368015469
Sugarcane,2.798684999
Sugarcane,2.67816403
Sugarcane,2.111874568
Sugarcane,2.167391671
Sugarcane,2.163234989
Sugarcane,2.550672836
Sugarcane,2.991256113
Sugarcane,2.312093929
Sugarcane,2.199441747
Sugarcane,2.608048478
Sugarcane,2.085934502
Sugarcane,3.009917974
Sugarcane,2.383657863
Sugarcane,2.57589929
Sugarcane,2.345492791
Sugarcane,2.452728464
Sugarcane,2.299944268
Sugarcane,2.053844488
Sugarcane,2.088716054
Sugarcane,2.080800394
Sugarcane,1.933854602
Sugarcane,2.596009388
Sugarcane,2.044972213
Sugarcane,2.330973654
Sugarcane,2.393645441
Sugarcane,2.145421963
Sugarcane,2.544277467
Sugarcane,2.511560555
Sugarcane,2.588644132
Sugarcane,2.711658861
Sugarcane,2.546029938
Sugarcane,2.469907545
Sugarcane,2.23483681
Sugarcane,2.242581441
Sugarcane,2.339382593
Sugarcane,1.991941651
Sugarcane,2.266638291
Sugarcane,2.1441267
Sugarcane,2.61298385
Sugarcane,2.280597284
Sugarcane,2.887137235
Sugarcane,2.347311029
Sugarcane,1.953231413
Sugarcane,2.622563766
Sugarcane,2.133888067
Sugarcane,2.301700014
Sugarcane,2.43525949
Sugarcane,2.997539103
Sugarcane,2.576883427
Sugarcane,2.498518483
Sugarcane,2.023801432
Sugarcane,2.165390323
Sugarcane,2.152393839
Sugarcane,2.481809707
Sugarcane,2.486410035
Sugarcane,2.173651809
Sugarcane,2.129766151
Sugarcane,2.257932977
Sugarcane,2.46111579
Sugarcane,2.059268158
Sugarcane,2.271748754
Sugarcane,1.948254139
Sugarcane,2.043409706
Sugarcane,2.294982444
Sugarcane,2.09673677
Sugarcane,2.094176394
Sugarcane,1.858264576
Sugarcane,2.067421825
Sugarcane,1.989889794
Sugarcane,2.133943522
Sugarcane,2.062719716
Sugarcane,1.943972168
Sugarcane,2.291004767
Sugarcane,2.07825525
Sugarcane,2.082893816
Sugarcane,1.957854316
Sugarcane,2.481197641
Sugarcane,2.082284135
Sugarcane,2.020713389
Sugarcane,2.191162038
Sugarcane,1.90620157
Sugarcane,2.030048347
Sugarcane,2.266774678
Sugarcane,1.745342021
Sugarcane,2.125232328
Sugarcane,1.906239748
Sugarcane,2.223421327
Sugarcane,2.137197988
Sugarcane,2.013745154
Sugarcane,2.132692564
Sugarcane,1.883876185
Sugarcane,1.698722001
Sugarcane,1.745113342
Sugarcane,2.176493973
Sugarcane,2.387465051
Sugarcane,2.492415716
Sugarcane,2.183454349
Sugarcane,1.859336795
Sugarcane,2.06208181
Sugarcane,2.196176928
Sugarcane,2.164754744
Sugarcane,1.755642793
Sugarcane,1.992417549
Sugarcane,2.077232473
Sugarcane,1.548058178
Sugarcane,1.89071824
Sugarcane,2.401142445
Sugarcane,1.938640985
Sugarcane,1.769614638
Sugarcane,1.880693295
Sugarcane,1.957881845
Sugarcane,1.631548104
Sugarcane,1.743828796
Sugarcane,1.867950385
Sugarcane,2.111378613
Sugarcane,2.074996023
Sugarcane,1.999153746
Sugarcane,1.916165311
Sugarcane,1.870166453
Sugarcane,1.716640041
Sugarcane,1.704868407
Sugarcane,1.835409525
Sugarcane,1.70528439
Sugarcane,2.07319908
Sugarcane,1.618637798
Sugarcane,1.918980998
Sugarcane,1.697283784
Sugarcane,2.079447681
Sugarcane,2.030913102
Sugarcane,1.951950536
Sugarcane,2.17388901
Sugarcane,1.815869735
Sugarcane,1.906679694
Sugarcane,2.10381877
Sugarcane,1.860374121
Sugarcane,2.170655386
Sugarcane,2.530579679
Sugarcane,2.112472042
Sugarcane,1.962368318
Sugarcane,1.928758337
Sugarcane,2.005311806
Sugarcane,1.815638402
Sugarcane,2.192926583
Sugarcane,1.946897193
Sugarcane,2.168352841
Sugarcane,1.837848366
Sugarcane,1.90861151
Sugarcane,1.779876209
Sugarcane,2.07260118
Sugarcane,1.890429467
Sugarcane,2.134860272
Sugarcane,1.57136519
Sugarcane,1.956502296
Sugarcane,1.818194922
Sugarcane,1.592754805
Sugarcane,2.010381871
Sugarcane,1.855833589
Sugarcane,1.921292235
Sugarcane,1.955065542
Sugarcane,2.263393783
Sugarcane,1.8911502
Sugarcane,1.973640185
Sugarcane,1.955771022
Sugarcane,2.154873275
Sugarcane,2.112991179
Sugarcane,1.778447199
Sugarcane,1.852009924
Sugarcane,2.002345913
Sugarcane,1.533147652
Sugarcane,1.979295511
Sugarcane,1.945625529
Sugarcane,2.049408677
Sugarcane,2.229412986
Sugarcane,1.903827718
Sugarcane,1.54473945
Sugarcane,1.874219393
Sugarcane,2.208705983
Sugarcane,2.13939652
Sugarcane,2.053786737
Sugarcane,1.974144663
Sugarcane,1.8579293
Sugarcane,1.946080692
Sugarcane,1.956744279
Sugarcane,1.783714071
Sugarcane,1.773328929
Sugarcane,1.616524579
Sugarcane,1.882709698
Sugarcane,1.712898146
Sugarcane,3.556733252
Sugarcane,1.644724275
Sugarcane,1.842687248
Sugarcane,1.897328295
Sugarcane,1.966440804
Sugarcane,1.884848107
Sugarcane,1.888755974
Sugarcane,2.200738211
Sugarcane,1.741100604
Sugarcane,1.877289727
Sugarcane,1.937558162
Sugarcane,1.992969945
Sugarcane,2.069616707
Sugarcane,1.859907336
Sugarcane,1.839211348
Sugarcane,1.752822603
Sugarcane,2.032584222
Sugarcane,1.973671957
Sugarcane,1.890460329
Sugarcane,2.072853297
Sugarcane,1.661537717
Sugarcane,1.996720899
Sugarcane,1.948105556
Sugarcane,1.853320173
Sugarcane,1.844492743
Sugarcane,1.778353831
Sugarcane,1.774641417
Sugarcane,1.665758621
Sugarcane,1.894623368
Sugarcane,2.089455147
Sugarcane,1.867012263
Sugarcane,1.821998409
Sugarcane,1.771448215
Sugarcane,1.789084389
Sugarcane,1.877758699
Sugarcane,1.576587479
Sugarcane,2.304195336
Sugarcane,1.712444868
Sugarcane,1.737204317
Sugarcane,1.706266135
Sugarcane,1.886471849
Sugarcane,1.671614249
Sugarcane,1.721618119
Sugarcane,2.272840095
Sugarcane,1.943527179
Sugarcane,1.982382825
Sugarcane,1.840476719
Sugarcane,2.072420849
Sugarcane,1.769184423
Sugarcane,1.838422485
Sugarcane,1.980678357
Sugarcane,1.640377574
Sugarcane,2.021606519
Sugarcane,1.913748157
Sugarcane,2.316814359
Sugarcane,2.185380478
Sugarcane,2.217788249
Sugarcane,1.778902837
Sugarcane,1.644952789
Sugarcane,1.847242983
Sugarcane,1.684102517
Sugarcane,1.905611359
Sugarcane,2.018095639
Sugarcane,2.469631078
Sugarcane,1.882309116
Sugarcane,2.047953559
Sugarcane,1.800027064
Sugarcane,1.987792154
Sugarcane,2.194334827
Sugarcane,1.959433634
Sugarcane,1.854810048
Sugarcane,2.079448709
Sugarcane,2.183286862
Sugarcane,2.186082296
Sugarcane,1.993865705
Sugarcane,2.088639178
Sugarcane,1.795421869
Sugarcane,1.895195589
Sugarcane,1.766681089
Sugarcane,1.833296737
Sugarcane,1.90524989
Sugarcane,1.929064617
Sugarcane,2.094777612
Sugarcane,2.102418211
Sugarcane,2.292045782
Sugarcane,2.166893475
Sugarcane,1.95345229
Sugarcane,2.008865657
Sugarcane,1.852571184
Sugarcane,1.885255433
Sugarcane,1.688428569
Sugarcane,1.739602981
Sugarcane,1.644094337
Sugarcane,2.362879532
Sugarcane,1.689347744
Sugarcane,2.314922398
Sugarcane,2.310271996
Sugarcane,1.620604773
Sugarcane,1.987158844
Sugarcane,1.849526086
Sugarcane,1.677596831
Sugarcane,2.195208742
Sugarcane,1.918473092
Sugarcane,1.501694514
Sugarcane,1.797153035
Sugarcane,1.975368515
Sugarcane,2.204441531
Sugarcane,1.802644722
Sugarcane,1.729988923
Sugarcane,1.852774954
Sugarcane,1.676431424
Sugarcane,1.757457702
Sugarcane,2.271482119
Sugarcane,1.602547306
Sugarcane,1.946158433
Sugarcane,1.606972396
Sugarcane,1.666713997
Sugarcane,2.060635665
Sugarcane,1.785323574
Sugarcane,2.179621035
Sugarcane,2.126425991
Sugarcane,1.693066563
Sugarcane,1.597022736
Sugarcane,2.018552386
Sugarcane,2.10634136
Sugarcane,1.634108336
Sugarcane,2.126164487
Sugarcane,1.920546086
Sugarcane,1.892086805
Sugarcane,2.126355216
Sugarcane,2.136641623
Sugarcane,1.873511121
Sugarcane,1.740646954
Sugarcane,1.853467106
Sugarcane,2.12654245
Sugarcane,1.805652075
Sugarcane,1.744031955
Sugarcane,2.149385259
Sugarcane,2.013873081
Sugarcane,1.853934916
Sugarcane,1.840082456
Sugarcane,2.141470002
Sugarcane,1.584176585
Sugarcane,1.81239824
Sugarcane,2.350166347
Sugarcane,1.79796651
Sugarcane,1.96684625
Sugarcane,1.716821888
Sugarcane,2.151425569
Sugarcane,1.970914011
Sugarcane,1.51129258
Sugarcane,2.182628018
Sugarcane,1.752670285
Sugarcane,2.081596825
Sugarcane,2.003002949
Sugarcane,1.574956177
Sugarcane,2.100041273
Sugarcane,1.971937727
Sugarcane,1.765516197
Sugarcane,1.954667695
Sugarcane,1.832425561
Sugarcane,1.722390728
Sugarcane,1.857478186
Sugarcane,1.715380125
Sugarcane,1.98451194
Sugarcane,1.802576385
Sugarcane,2.106038202
Sugarcane,2.008328706
Sugarcane,1.922463034
Sugarcane,1.573945557
Sugarcane,1.798686894
Sugarcane,1.853689123
Sugarcane,1.738184318
Sugarcane,2.046594386
Sugarcane,1.926950992
Sugarcane,2.006459677
Sugarcane,2.107562299
Sugarcane,2.031385904
Sugarcane,1.835787091
Sugarcane,2.011999868
Sugarcane,1.651486546
Sugarcane,1.777212802
Sugarcane,1.990812665
Sugarcane,1.888829239
Sugarcane,1.715677047
Sugarcane,2.342224913
Sugarcane,1.845438524
Sugarcane,1.87926914
Sugarcane,1.908461345
Sugarcane,1.681159462
Sugarcane,1.964425251
Sugarcane,2.153536697
Sugarcane,1.64591404
Sugarcane,1.854478436
Sugarcane,2.0740318
Sugarcane,1.881480494
Sugarcane,1.585369627
Sugarcane,1.651955881
Sugarcane,2.4199308
Sugarcane,1.673206998
Sugarcane,2.216505775
Sugarcane,1.615464877
Sugarcane,2.017760568
Sugarcane,1.845606395
Sugarcane,2.076140208
Sugarcane,2.141931289
Sugarcane,2.018713667
Sugarcane,1.54801664
Sugarcane,1.881507598
Sugarcane,1.641115936
Sugarcane,1.748792251
Sugarcane,1.960985432
Sugarcane,2.121475602
Sugarcane,2.186425074
Sugarcane,1.96130916
Sugarcane,1.748762129
Sugarcane,2.135702336
Sugarcane,1.776198729
Sugarcane,1.812790734
Sugarcane,1.726417297
Sugarcane,1.795704776
Sugarcane,1.709794145
Sugarcane,1.900496111
Sugarcane,1.949529786
Sugarcane,2.059989806
Sugarcane,2.23947486
Sugarcane,1.957853826
Sugarcane,1.801918036
Sugarcane,1.88713841
Sugarcane,2.069152749
Sugarcane,1.850891331
Sugarcane,1.584753433
Sugarcane,1.828385023
Sugarcane,1.961083491
Sugarcane,1.539878308
Sugarcane,1.880249634
Sugarcane,1.771540212
Sugarcane,2.000008406
Sugarcane,2.356913012
Sugarcane,1.93834258
Sugarcane,1.832577648
Sugarcane,1.631313659
Sugarcane,1.956748943
Sugarcane,2.03095622
Sugarcane,2.12024568
Sugarcane,1.872639039
Sugarcane,1.857005621
Sugarcane,1.844483478
Sugarcane,1.721876467
Sugarcane,2.003736807
Sugarcane,1.851182448
Sugarcane,1.759248831
Sugarcane,2.179839637
Sugarcane,1.849210917
Sugarcane,1.75984906
Sugarcane,1.844776975
Sugarcane,1.600447432
Sugarcane,1.505102721
Sugarcane,1.595409273
Sugarcane,1.801183985
Sugarcane,1.769782717
Sugarcane,1.744194229
Sugarcane,2.148488147
Sugarcane,2.277643184
Sugarcane,2.22243917
Sugarcane,1.458591341
Sugarcane,1.763575251
Sugarcane,1.730185932
Sugarcane,1.825319034
Sugarcane,2.000252108
Sugarcane,1.784472044
Sugarcane,1.778172822
Sugarcane,1.918912731
Sugarcane,1.991428673
Sugarcane,1.727097067
Sugarcane,2.259304137
Sugarcane,1.421356848
Sugarcane,1.647891437
Sugarcane,1.448492077
Sugarcane,1.696535192
Sugarcane,1.79168608
Sugarcane,2.040149594
Sugarcane,1.963234634
Sugarcane,1.746284841
Sugarcane,1.967980469
Sugarcane,1.904514366
Sugarcane,2.03599191
Sugarcane,1.824980131
Sugarcane,1.881103723
Sugarcane,2.254485989
Sugarcane,1.574345411
Sugarcane,2.33386099
Sugarcane,1.98627369
Sugarcane,1.540718224
Sugarcane,1.69771853
Sugarcane,1.922257118
Sugarcane,1.733303409
Sugarcane,1.990977784
Sugarcane,1.77914195
Sugarcane,2.011435053
Sugarcane,2.204522642
Sugarcane,1.775640683
Sugarcane,1.716944863
Sugarcane,1.742403476
Sugarcane,1.770330596
Sugarcane,1.561162102
Sugarcane,2.1108629
Sugarcane,1.76102307
Sugarcane,1.667930406
Sugarcane,1.535559142
Sugarcane,1.746815487
Sugarcane,1.894802052
Sugarcane,1.911589082
Sugarcane,2.479046562
Sugarcane,1.57418915
Sugarcane,1.540223537
Sugarcane,1.614748055
Sugarcane,2.010589446
Sugarcane,1.766431136
Sugarcane,1.969549159
Sugarcane,2.225241205
Sugarcane,1.831484531
Sugarcane,1.931556795
Sugarcane,1.871714008
Sugarcane,1.92631931
Sugarcane,1.884239236
Sugarcane,1.611896966
Sugarcane,1.59998822
Sugarcane,1.707795741
Sugarcane,1.771105596
Sugarcane,2.088842705
Sugarcane,2.228898976
Sugarcane,1.532763803
Sugarcane,1.40504226
Sugarcane,1.594174365
Sugarcane,2.033125876
Sugarcane,1.956916819
Sugarcane,1.881195288
Sugarcane,1.962761489
Sugarcane,1.561978428
Sugarcane,1.832236323
Sugarcane,2.318169236
Sugarcane,1.711067996
Sugarcane,1.766455178
Sugarcane,1.810999493
Sugarcane,1.751019119
Sugarcane,1.903424818
Sugarcane,1.873892953
Sugarcane,1.912589166
Sugarcane,1.736472047
Sugarcane,1.580194591
Sugarcane,1.886694519
Sugarcane,1.496592242
Sugarcane,1.969118013
Sugarcane,1.70400285
Sugarcane,1.663349876
Sugarcane,1.862444063
Sugarcane,1.771267
Sugarcane,1.927904752
Sugarcane,1.88813013
Sugarcane,1.743582917
Sugarcane,2.278979951
Sugarcane,1.780034749
Sugarcane,1.677396263
Sugarcane,1.788162868
Sugarcane,1.661937168
Sugarcane,1.893449041
Sugarcane,1.625576417
Sugarcane,1.540275805
Sugarcane,2.083081556
Sugarcane,1.771967972
Sugarcane,1.576232057
Sugarcane,1.805036915
Sugarcane,1.651522666
Sugarcane,1.848230505
Sugarcane,1.670020281
Sugarcane,1.61499859
Sugarcane,1.798872715
Sugarcane,1.709429528
Sugarcane,1.84755542
Sugarcane,1.876453645
Sugarcane,1.459144741
Sugarcane,1.507607057
Sugarcane,1.799006024
Sugarcane,2.176701785
Sugarcane,1.451157908
Sugarcane,1.742438364
Sugarcane,1.839696226
Sugarcane,1.906573926
Sugarcane,1.407522407
Sugarcane,2.029240299
Sugarcane,1.45103481
Sugarcane,1.576083113
Sugarcane,1.58299223
Sugarcane,1.50007457
Sugarcane,1.738000478
Sugarcane,1.71076637
Sugarcane,1.920296782
Sugarcane,1.740322874
Sugarcane,1.837492227
Sugarcane,1.882128457
Sugarcane,1.427884173
Sugarcane,1.448527713
Sugarcane,1.780377666
Sugarcane,1.472079012
Sugarcane,1.793104278
Sugarcane,1.373290214
Sugarcane,1.668212013
Sugarcane,1.854436681
Sugarcane,1.532357369
Sugarcane,1.764512807
Sugarcane,1.929171757
Sugarcane,1.90087363
Sugarcane,1.607973866
Sugarcane,2.002617488
Sugarcane,1.774510713
Sugarcane,2.334036812
Sugarcane,1.581531571
